{
  "baseline_history": {
    "train_loss": [
      0.47686772904734115,
      0.1393254163708768,
      0.09406459065320999,
      0.07029425131399304,
      0.06057860828670008,
      0.04346384491169773,
      0.04066695162141795,
      0.03547654959555866,
      0.031071805169305473,
      0.027935976674010765
    ],
    "test_accuracy": [
      0.949,
      0.9649,
      0.9683,
      0.9749,
      0.9763,
      0.9501,
      0.9738,
      0.9765,
      0.9779,
      0.9784
    ]
  },
  "exact_history": {
    "train_loss": [
      1.3708463006065927,
      0.7665149174490572,
      0.841872757305103,
      0.9851288557588794,
      1.174144845480061,
      1.427276294242111,
      1.758393244813695,
      2.175568854359642,
      2.707749893307442,
      3.3828026727422364
    ],
    "task_loss": [
      0.355806432155702,
      0.15685342143652262,
      0.11265636529146594,
      0.08767429934111413,
      0.06781869835655725,
      0.05865515123859124,
      0.05162758794141321,
      0.04139740254179411,
      0.03455294365777134,
      0.028894209493815708
    ],
    "exactness_loss": [
      37.32833456775122,
      37.31413911031137,
      37.31680497983038,
      37.32171766055148,
      37.323733591089834,
      37.32767173630635,
      37.32984872779038,
      37.33079219209478,
      37.33052627275814,
      37.332141920348626
    ],
    "chain_axiom_loss": [
      3.0475963255859853,
      0.500225709773248,
      0.4538678872907987,
      0.4895882409669995,
      0.4870998392761545,
      0.4458221865019141,
      0.4418382373782806,
      0.4328756156956863,
      0.41108084332218847,
      0.3774929898191313
    ],
    "exactness_weight": [
      0.12583074861193375,
      0.158411527012647,
      0.19942829687733946,
      0.251065350769714,
      0.31607255010500923,
      0.3979117652977813,
      0.5009412329852533,
      0.6306476480206381,
      0.7939383499814047,
      0.9995091641895215
    ],
    "chain_axiom_weight": [
      1.7416158463007498,
      1.5161646560425739,
      1.319897995367537,
      1.1490379433606344,
      1.0002956288412201,
      0.870807923150375,
      0.7580823280212869,
      0.6599489976837685,
      0.5745189716803172,
      0.5001478144206101
    ],
    "test_accuracy": [
      0.9433,
      0.9598,
      0.9594,
      0.9657,
      0.9709,
      0.9709,
      0.9745,
      0.9772,
      0.9706,
      0.9736
    ],
    "betti_numbers": [
      [
        0,
        0,
        0,
        128
      ],
      [
        0,
        0,
        0,
        128
      ],
      [
        0,
        0,
        0,
        128
      ],
      [
        0,
        0,
        0,
        129
      ],
      [
        0,
        0,
        0,
        128
      ],
      [
        0,
        0,
        0,
        128
      ],
      [
        0,
        0,
        0,
        128
      ],
      [
        0,
        0,
        0,
        128
      ],
      [
        0,
        0,
        0,
        128
      ],
      [
        0,
        0,
        0,
        128
      ]
    ]
  },
  "comparison": {
    "baseline": {
      "probe_accuracy": 0.978,
      "probe_std": 0.0040000000000000036,
      "probe_complexity": 4.995879127367883,
      "entanglement": 0.17110840770716115,
      "effective_rank": 15,
      "rank_ratio": 0.1171875,
      "participation_ratio": 7.2123870849609375,
      "fer_score": 0.0033232461059375237
    },
    "exact": {
      "probe_accuracy": 0.9730000000000001,
      "probe_std": 0.006000000000000005,
      "probe_complexity": 4.8877705112928425,
      "entanglement": 0.13007155703160778,
      "effective_rank": 16,
      "rank_ratio": 0.125,
      "participation_ratio": 4.675684928894043,
      "fer_score": 0.003072940534871724
    },
    "improvements": {
      "probe_accuracy": -0.5112474437627703,
      "probe_std": 50.0,
      "probe_complexity": -2.163955798746441,
      "entanglement": 23.982953979552416,
      "effective_rank": 6.666666666666667,
      "rank_ratio": 6.666666666666667,
      "participation_ratio": -35.17146440124315,
      "fer_score": 7.531960110284578
    }
  }
}